{
  "project_info": {
    "project_number": "431187164995",
    "firebase_url": "https://travelmantics-84865.firebaseio.com",
    "project_id": "travelmantics-84865",
    "storage_bucket": "travelmantics-84865.appspot.com"
  },
  "client": [
    {
      "client_info": {
        "mobilesdk_app_id": "1:431187164995:android:b4470d06b32c6715",
        "android_client_info": {
          "package_name": "com.example.travelmantics"
        }
      },
      "oauth_client": [
        {
          "client_id": "431187164995-h2pii5l7rms3ed7tv6nji0m0fnd8fdfc.apps.googleusercontent.com",
          "client_type": 1,
          "android_info": {
            "package_name": "com.example.travelmantics",
            "certificate_hash": "901af42d0dbdd49ca894f85d202bd45097ca48e0"
          }
        },
        {
          "client_id": "431187164995-6u4fddc25qpatv4kbauctntv1epm40s4.apps.googleusercontent.com",
          "client_type": 3
        }
      ],
      "api_key": [
        {
          "current_key": "AIzaSyDEhoQQuLQoGEBLPHBqRX8mJ7JAoCQSXMo"
        }
      ],
      "services": {
        "appinvite_service": {
          "other_platform_oauth_client": [
            {
              "client_id": "431187164995-6u4fddc25qpatv4kbauctntv1epm40s4.apps.googleusercontent.com",
              "client_type": 3
            }
          ]
        }
      }
    }
  ],
  "configuration_version": "1"
}